Model Year,Mfr Name,Division,Carline,Engine Displacement,# Cylinders,Transmission,City FE,Highway FE,Combined FE,Air Aspiration Method,Transmission Description,# Gears,Drive Desc,Carline Class Desc,Release Date,City CO2,Highway CO2,Combined CO2
2024,BMW,BMW,Z4 M40i,3.0,6,Auto(S8),23,31,26,Turbocharged,Semi-Automatic,8,"2-Wheel Drive, Rear",Two Seaters,2023-06-16,386,280,338
2024,BMW,BMW,Z4 sDrive30i,2.0,4,Auto(S8),25,33,28,Turbocharged,Semi-Automatic,8,"2-Wheel Drive, Rear",Two Seaters,2023-06-16,351,266,312
2024,General Motors,Chevrolet,CORVETTE Z06,5.5,8,Auto(S8),12,21,15,Naturally Aspirated,Semi-Automatic,8,"2-Wheel Drive, Rear",Two Seaters,2023-07-18,731,433,597
2024,General Motors,Chevrolet,CORVETTE Z06 CARBON AERO,5.5,8,Auto(S8),12,19,14,Naturally Aspirated,Semi-Automatic,8,"2-Wheel Drive, Rear",Two Seaters,2023-07-18,755,480,631
2024,Jaguar Land Rover L,Jaguar,F-TYPE P450 AWD R-Dynamic Conv,5.0,8,Auto(S8),16,24,18,Supercharged,Semi-Automatic,8,All Wheel Drive,Two Seaters,2023-01-30,571,369,481
2024,Jaguar Land Rover L,Jaguar,F-TYPE P450 AWD R-Dynamic Coupe,5.0,8,Auto(S8),16,24,18,Supercharged,Semi-Automatic,8,All Wheel Drive,Two Seaters,2023-01-30,571,369,481
2024,Jaguar Land Rover L,Jaguar,F-TYPE P450 RWD Convertible,5.0,8,Auto(S8),17,24,19,Supercharged,Semi-Automatic,8,"2-Wheel Drive, Rear",Two Seaters,2023-01-30,536,367,460
2024,Jaguar Land Rover L,Jaguar,F-TYPE P450 RWD Coupe,5.0,8,Auto(S8),17,24,19,Supercharged,Semi-Automatic,8,"2-Wheel Drive, Rear",Two Seaters,2023-01-30,536,367,460
2024,Jaguar Land Rover L,Jaguar,F-TYPE R AWD Convertible,5.0,8,Auto(S8),16,24,18,Supercharged,Semi-Automatic,8,All Wheel Drive,Two Seaters,2023-01-30,571,369,481
2024,Jaguar Land Rover L,Jaguar,F-TYPE R AWD Coupe,5.0,8,Auto(S8),16,24,18,Supercharged,Semi-Automatic,8,All Wheel Drive,Two Seaters,2023-01-30,571,369,481
2024,Volkswagen Group of,Lamborghini,Huracan Coupe 2WD,5.2,10,Auto(AM-S7),13,18,15,Naturally Aspirated,Automated Manual- Selectable (e.g. Automated Manual with paddles),7,"2-Wheel Drive, Rear",Two Seaters,2023-06-01,687,484,596
2024,Volkswagen Group of,Lamborghini,Huracan Spyder,5.2,10,Auto(AM-S7),13,18,15,Naturally Aspirated,Automated Manual- Selectable (e.g. Automated Manual with paddles),7,All Wheel Drive,Two Seaters,2023-06-01,688,501,604
2024,Volkswagen Group of,Lamborghini,Huracan Sterrato,5.2,10,Auto(AM-S7),13,18,15,Naturally Aspirated,Automated Manual- Selectable (e.g. Automated Manual with paddles),7,All Wheel Drive,Two Seaters,2023-06-01,688,501,604
2024,BMW,TOYOTA,Supra 2.0,2.0,4,Auto(S8),25,31,27,Turbocharged,Semi-Automatic,8,"2-Wheel Drive, Rear",Two Seaters,2023-06-16,350,288,322
2024,BMW,TOYOTA,Supra 3.0,3.0,6,Auto(S8),23,31,26,Turbocharged,Semi-Automatic,8,"2-Wheel Drive, Rear",Two Seaters,2023-06-30,385,289,342
2024,BMW,TOYOTA,Supra 3.0,3.0,6,Manual(M6),19,27,21,Turbocharged,Manual,6,"2-Wheel Drive, Rear",Two Seaters,2023-06-30,476,331,411
2024,Toyota,LEXUS,LC 500 CONVERTIBLE,5.0,8,Auto(S10),15,25,18,Naturally Aspirated,Semi-Automatic,10,"2-Wheel Drive, Rear",Minicompact Cars,2023-05-31,598,356,489
2024,BMW,Mini,COOPER CONVERTIBLE,1.5,3,Auto(AM-S7),29,38,32,Turbocharged,Automated Manual- Selectable (e.g. Automated Manual with paddles),7,"2-Wheel Drive, Front",Minicompact Cars,2023-03-01,308,232,274
2024,BMW,Mini,COOPER CONVERTIBLE,1.5,3,Manual(M6),27,38,31,Turbocharged,Manual,6,"2-Wheel Drive, Front",Minicompact Cars,2023-03-01,322,235,283
2024,BMW,Mini,COOPER S CONVERTIBLE,2.0,4,Auto(AM-S7),27,36,30,Turbocharged,Automated Manual- Selectable (e.g. Automated Manual with paddles),7,"2-Wheel Drive, Front",Minicompact Cars,2023-03-01,332,246,293
2024,BMW,Mini,COOPER S CONVERTIBLE,2.0,4,Manual(M6),23,33,27,Turbocharged,Manual,6,"2-Wheel Drive, Front",Minicompact Cars,2023-03-01,380,268,329
2024,BMW,Mini,JOHN COOPER WORKS CONVERTIBLE,2.0,4,Auto(S8),25,33,28,Turbocharged,Semi-Automatic,8,"2-Wheel Drive, Front",Minicompact Cars,2023-03-01,358,266,316
2024,Porsche,Porsche,911 Carrera T,3.0,6,Auto(AM-S8),18,24,20,Turbocharged,Automated Manual- Selectable (e.g. Automated Manual with paddles),8,"2-Wheel Drive, Rear",Minicompact Cars,2023-07-23,480,367,444
2024,Porsche,Porsche,911 Carrera T,3.0,6,Manual(M7),17,25,20,Turbocharged,Manual,7,"2-Wheel Drive, Rear",Minicompact Cars,2023-07-23,521,349,443
2024,Volkswagen Group of,Audi,RS 3,2.5,5,Auto(AM-S7),19,29,23,Turbocharged,Automated Manual- Selectable (e.g. Automated Manual with paddles),7,All Wheel Drive,Subcompact Cars,2023-06-01,456,303,388
2024,Volkswagen Group of,Audi,RS 5 Coupe,2.9,6,Auto(S8),18,25,21,Turbocharged,Semi-Automatic,8,All Wheel Drive,Subcompact Cars,2023-06-09,486,350,425
2024,Volkswagen Group of,Audi,S3,2.0,4,Auto(AM-S7),23,32,26,Turbocharged,Automated Manual- Selectable (e.g. Automated Manual with paddles),7,All Wheel Drive,Subcompact Cars,2023-06-01,383,276,335
2024,BMW,BMW,230i Coupe,2.0,4,Auto(S8),26,35,30,Turbocharged,Semi-Automatic,8,"2-Wheel Drive, Rear",Subcompact Cars,2023-06-16,333,251,296
2024,BMW,BMW,230i xDrive Coupe,2.0,4,Auto(S8),25,33,28,Turbocharged,Semi-Automatic,8,All Wheel Drive,Subcompact Cars,2023-06-30,356,263,314
2024,BMW,BMW,430i Convertible,2.0,4,Auto(S8),25,34,28,Turbocharged,Semi-Automatic,8,"2-Wheel Drive, Rear",Subcompact Cars,2023-03-01,354,261,312
2024,BMW,BMW,430i Coupe,2.0,4,Auto(S8),25,34,28,Turbocharged,Semi-Automatic,8,"2-Wheel Drive, Rear",Subcompact Cars,2023-03-01,354,261,312
2024,BMW,BMW,430i xDrive Convertible,2.0,4,Auto(S8),23,33,27,Turbocharged,Semi-Automatic,8,All Wheel Drive,Subcompact Cars,2023-03-01,376,266,326
2024,BMW,BMW,430i xDrive Coupe,2.0,4,Auto(S8),23,33,27,Turbocharged,Semi-Automatic,8,All Wheel Drive,Subcompact Cars,2023-03-01,376,266,326
2024,BMW,BMW,840i Convertible,3.0,6,Auto(S8),21,29,24,Turbocharged,Semi-Automatic,8,"2-Wheel Drive, Rear",Subcompact Cars,2023-03-10,427,310,374
2024,BMW,BMW,840i Coupe,3.0,6,Auto(S8),21,29,24,Turbocharged,Semi-Automatic,8,"2-Wheel Drive, Rear",Subcompact Cars,2023-03-10,425,308,373
2024,BMW,BMW,840i xDrive Convertible,3.0,6,Auto(S8),21,29,24,Turbocharged,Semi-Automatic,8,All Wheel Drive,Subcompact Cars,2023-03-10,426,308,373
2024,BMW,BMW,840i xDrive Coupe,3.0,6,Auto(S8),21,29,24,Turbocharged,Semi-Automatic,8,All Wheel Drive,Subcompact Cars,2023-03-10,426,308,373
2024,BMW,BMW,M2 Coupe,3.0,6,Auto(S8),16,23,19,Turbocharged,Semi-Automatic,8,"2-Wheel Drive, Rear",Subcompact Cars,2023-06-16,544,386,472
2024,BMW,BMW,M2 Coupe,3.0,6,Manual(M6),16,24,19,Turbocharged,Manual,6,"2-Wheel Drive, Rear",Subcompact Cars,2023-06-16,534,372,461
2024,BMW,BMW,M240i Coupe,3.0,6,Auto(S8),22,32,26,Turbocharged,Semi-Automatic,8,"2-Wheel Drive, Rear",Subcompact Cars,2023-06-16,394,279,343
2024,BMW,BMW,M240i xDrive Coupe,3.0,6,Auto(S8),23,32,26,Turbocharged,Semi-Automatic,8,All Wheel Drive,Subcompact Cars,2023-06-30,389,276,338
2024,BMW,BMW,M4 Competition Coupe,3.0,6,Auto(S8),16,23,19,Turbocharged,Semi-Automatic,8,"2-Wheel Drive, Rear",Subcompact Cars,2023-05-15,541,383,470
2024,BMW,BMW,M4 Competition M xDrive Coupe,3.0,6,Auto(S8),16,22,18,Turbocharged,Semi-Automatic,8,All Wheel Drive,Subcompact Cars,2023-05-15,546,392,477
2024,BMW,BMW,M4 Coupe,3.0,6,Manual(M6),16,23,19,Turbocharged,Manual,6,"2-Wheel Drive, Rear",Subcompact Cars,2023-06-16,548,379,472
2024,BMW,BMW,M440i Convertible,3.0,6,Auto(S8),23,31,26,Turbocharged,Semi-Automatic,8,"2-Wheel Drive, Rear",Subcompact Cars,2023-03-17,380,286,338
2024,BMW,BMW,M440i Coupe,3.0,6,Auto(S8),24,32,27,Turbocharged,Semi-Automatic,8,"2-Wheel Drive, Rear",Subcompact Cars,2023-03-17,371,279,329
2024,BMW,BMW,M440i xDrive Convertible,3.0,6,Auto(S8),22,30,25,Turbocharged,Semi-Automatic,8,All Wheel Drive,Subcompact Cars,2023-03-17,400,291,351
2024,BMW,BMW,M440i xDrive Coupe,3.0,6,Auto(S8),22,31,25,Turbocharged,Semi-Automatic,8,All Wheel Drive,Subcompact Cars,2023-03-17,400,282,347
2024,BMW,BMW,M4CompetitionMxDriveConvertible,3.0,6,Auto(S8),16,23,18,Turbocharged,Semi-Automatic,8,All Wheel Drive,Subcompact Cars,2023-03-10,562,388,484
2024,BMW,BMW,M8 Competition Convertible,4.4,8,Auto(S8),15,22,17,Turbocharged,Semi-Automatic,8,All Wheel Drive,Subcompact Cars,2023-03-10,603,411,517
2024,BMW,BMW,M8 Competition Coupe,4.4,8,Auto(S8),15,22,17,Turbocharged,Semi-Automatic,8,All Wheel Drive,Subcompact Cars,2023-03-10,603,411,517
2024,BMW,BMW,M850i xDrive Convertible,4.4,8,Auto(S8),17,24,19,Turbocharged,Semi-Automatic,8,All Wheel Drive,Subcompact Cars,2023-03-10,527,372,457
2024,BMW,BMW,M850i xDrive Coupe,4.4,8,Auto(S8),17,24,19,Turbocharged,Semi-Automatic,8,All Wheel Drive,Subcompact Cars,2023-03-10,526,372,457
2024,Ford Motor Company,Ford,MUSTANG,2.3,4,Auto(A10),22,33,26,Turbocharged,Automatic,10,"2-Wheel Drive, Rear",Subcompact Cars,2023-05-29,402,266,341
2024,Ford Motor Company,Ford,MUSTANG,5.0,8,Auto(S10),15,24,18,Naturally Aspirated,Semi-Automatic,10,"2-Wheel Drive, Rear",Subcompact Cars,2023-05-29,589,369,492
2024,Ford Motor Company,Ford,MUSTANG,5.0,8,Manual(M6),14,23,17,Naturally Aspirated,Manual,6,"2-Wheel Drive, Rear",Subcompact Cars,2023-05-15,622,384,515
2024,Ford Motor Company,Ford,MUSTANG DARK HORSE,5.0,8,Auto(S10),14,22,17,Naturally Aspirated,Semi-Automatic,10,"2-Wheel Drive, Rear",Subcompact Cars,2023-06-23,619,409,524
2024,Ford Motor Company,Ford,MUSTANG DARK HORSE,5.0,8,Manual(M6),14,22,17,Naturally Aspirated,Manual,6,"2-Wheel Drive, Rear",Subcompact Cars,2023-06-05,642,404,535
2024,Ford Motor Company,Ford,MUSTANG PERFORMANCE PACK,2.3,4,Auto(S10),21,29,24,Turbocharged,Semi-Automatic,10,"2-Wheel Drive, Rear",Subcompact Cars,2023-05-29,417,308,368
2024,Toyota,LEXUS,LC 500,5.0,8,Auto(S10),16,24,18,Naturally Aspirated,Semi-Automatic,10,"2-Wheel Drive, Rear",Subcompact Cars,2023-05-31,573,368,481
2024,Toyota,LEXUS,LC 500h,3.5,6,Auto(AV-S10),26,33,29,Naturally Aspirated,Selectable Continuously Variable (e.g. CVT with paddles),10,"2-Wheel Drive, Rear",Subcompact Cars,2023-05-31,336,264,304
2024,Maserati,MASERATI,Granturismo Modena,3.0,6,Auto(A8),18,27,21,Turbocharged,Automatic,8,All Wheel Drive,Subcompact Cars,2023-02-15,489,318,412
2024,Maserati,MASERATI,Granturismo Trofeo,3.0,6,Auto(A8),18,27,21,Turbocharged,Automatic,8,All Wheel Drive,Subcompact Cars,2023-02-15,489,318,412
2024,BMW,Mini,COOPER HARDTOP 2 DOOR,1.5,3,Auto(AM-S7),29,38,32,Turbocharged,Automated Manual- Selectable (e.g. Automated Manual with paddles),7,"2-Wheel Drive, Front",Subcompact Cars,2023-03-01,308,232,274
2024,BMW,Mini,COOPER HARDTOP 2 DOOR,1.5,3,Manual(M6),27,38,31,Turbocharged,Manual,6,"2-Wheel Drive, Front",Subcompact Cars,2023-03-01,322,235,283
2024,BMW,Mini,COOPER HARDTOP 4 DOOR,1.5,3,Auto(AM-S7),29,38,32,Turbocharged,Automated Manual- Selectable (e.g. Automated Manual with paddles),7,"2-Wheel Drive, Front",Subcompact Cars,2023-03-01,308,232,274
2024,BMW,Mini,COOPER HARDTOP 4 DOOR,1.5,3,Manual(M6),27,38,31,Turbocharged,Manual,6,"2-Wheel Drive, Front",Subcompact Cars,2023-03-01,322,235,283
2024,BMW,Mini,COOPER S HARDTOP 2 DOOR,2.0,4,Auto(AM-S7),28,38,31,Turbocharged,Automated Manual- Selectable (e.g. Automated Manual with paddles),7,"2-Wheel Drive, Front",Subcompact Cars,2023-03-01,319,234,280
2024,BMW,Mini,COOPER S HARDTOP 2 DOOR,2.0,4,Manual(M6),23,33,27,Turbocharged,Manual,6,"2-Wheel Drive, Front",Subcompact Cars,2023-03-01,384,264,330
2024,BMW,Mini,COOPER S HARDTOP 4 DOOR,2.0,4,Auto(AM-S7),28,38,31,Turbocharged,Automated Manual- Selectable (e.g. Automated Manual with paddles),7,"2-Wheel Drive, Front",Subcompact Cars,2023-03-01,319,234,280
2024,BMW,Mini,COOPER S HARDTOP 4 DOOR,2.0,4,Manual(M6),23,33,27,Turbocharged,Manual,6,"2-Wheel Drive, Front",Subcompact Cars,2023-03-01,384,264,330
2024,BMW,Mini,JOHN COOPER WORKS HARDTOP 2 DOOR,2.0,4,Auto(S8),26,35,29,Turbocharged,Semi-Automatic,8,"2-Wheel Drive, Front",Subcompact Cars,2023-03-01,338,250,299
2024,BMW,Mini,JOHN COOPER WORKS HARDTOP 2 DOOR,2.0,4,Manual(M6),22,32,26,Turbocharged,Manual,6,"2-Wheel Drive, Front",Subcompact Cars,2023-03-01,400,279,345
2024,Nissan,NISSAN,GT-R,3.8,6,Auto(AM-S6),16,22,18,Turbocharged,Automated Manual- Selectable (e.g. Automated Manual with paddles),6,All Wheel Drive,Subcompact Cars,2023-05-03,537,408,493
2024,Volkswagen Group of,Audi,A4 quattro,2.0,4,Auto(AM-S7),26,35,30,Turbocharged,Automated Manual- Selectable (e.g. Automated Manual with paddles),7,All Wheel Drive,Compact Cars,2023-06-01,340,250,300
2024,BMW,BMW,228i Gran Coupe,2.0,4,Auto(S8),24,34,28,Turbocharged,Semi-Automatic,8,"2-Wheel Drive, Front",Compact Cars,2023-06-16,361,259,315
2024,BMW,BMW,228i xDrive Gran Coupe,2.0,4,Auto(S8),23,33,27,Turbocharged,Semi-Automatic,8,All Wheel Drive,Compact Cars,2023-06-16,381,267,330
2024,BMW,BMW,330i Sedan,2.0,4,Auto(S8),25,34,29,Turbocharged,Semi-Automatic,8,"2-Wheel Drive, Rear",Compact Cars,2023-06-16,348,258,308
2024,BMW,BMW,330i xDrive Sedan,2.0,4,Auto(S8),24,33,27,Turbocharged,Semi-Automatic,8,All Wheel Drive,Compact Cars,2023-06-16,369,265,322
2024,BMW,BMW,430i Gran Coupe,2.0,4,Auto(S8),25,34,28,Turbocharged,Semi-Automatic,8,"2-Wheel Drive, Rear",Compact Cars,2023-03-01,354,261,312
2024,BMW,BMW,430i xDrive Gran Coupe,2.0,4,Auto(S8),23,33,27,Turbocharged,Semi-Automatic,8,All Wheel Drive,Compact Cars,2023-03-01,376,266,326
2024,BMW,BMW,M235i xDrive Gran Coupe,2.0,4,Auto(S8),24,33,27,Turbocharged,Semi-Automatic,8,All Wheel Drive,Compact Cars,2023-06-16,369,270,325
2024,BMW,BMW,M3 Competition M xDrive Sedan,3.0,6,Auto(S8),16,22,18,Turbocharged,Semi-Automatic,8,All Wheel Drive,Compact Cars,2023-06-16,546,392,477
2024,BMW,BMW,M3 Competition Sedan,3.0,6,Auto(S8),16,23,19,Turbocharged,Semi-Automatic,8,"2-Wheel Drive, Rear",Compact Cars,2023-06-16,541,383,470
2024,BMW,BMW,M3 CS Sedan,3.0,6,Auto(S8),15,22,18,Turbocharged,Semi-Automatic,8,All Wheel Drive,Compact Cars,2023-03-10,570,394,491
2024,BMW,BMW,M3 Sedan,3.0,6,Manual(M6),16,23,19,Turbocharged,Manual,6,"2-Wheel Drive, Rear",Compact Cars,2023-06-16,548,379,472
2024,BMW,BMW,M340i Sedan,3.0,6,Auto(S8),23,31,26,Turbocharged,Semi-Automatic,8,"2-Wheel Drive, Rear",Compact Cars,2023-06-23,386,283,340
2024,BMW,BMW,M340i xDrive Sedan,3.0,6,Auto(S8),23,31,26,Turbocharged,Semi-Automatic,8,All Wheel Drive,Compact Cars,2023-06-23,390,281,341
2024,BMW,BMW,M440i Gran Coupe,3.0,6,Auto(S8),24,32,27,Turbocharged,Semi-Automatic,8,"2-Wheel Drive, Rear",Compact Cars,2023-03-17,371,279,329
2024,BMW,BMW,M440i xDrive Gran Coupe,3.0,6,Auto(S8),22,30,25,Turbocharged,Semi-Automatic,8,All Wheel Drive,Compact Cars,2023-03-17,400,291,351
2024,General Motors,Cadillac,CT4,2.0,4,Auto(S8),22,32,26,Turbocharged,Semi-Automatic,8,"2-Wheel Drive, Rear",Compact Cars,2023-07-10,401,276,345
2024,General Motors,Cadillac,CT4,2.7,4,Auto(S10),21,31,25,Turbocharged,Semi-Automatic,10,"2-Wheel Drive, Rear",Compact Cars,2023-07-10,412,287,356
2024,General Motors,Cadillac,CT4 AWD,2.0,4,Auto(S8),21,31,25,Turbocharged,Semi-Automatic,8,All Wheel Drive,Compact Cars,2023-07-11,415,287,357
2024,General Motors,Cadillac,CT4 AWD,2.7,4,Auto(S10),21,29,24,Turbocharged,Semi-Automatic,10,All Wheel Drive,Compact Cars,2023-07-10,425,305,371
2024,General Motors,Cadillac,CT4 V,2.7,4,Auto(S10),20,29,23,Turbocharged,Semi-Automatic,10,"2-Wheel Drive, Rear",Compact Cars,2023-07-10,445,309,384
2024,General Motors,Cadillac,CT4 V,3.6,6,Auto(S10),16,24,19,Turbocharged,Semi-Automatic,10,"2-Wheel Drive, Rear",Compact Cars,2023-07-10,568,368,478
2024,General Motors,Cadillac,CT4 V,3.6,6,Manual(M6),15,23,18,Turbocharged,Manual,6,"2-Wheel Drive, Rear",Compact Cars,2023-07-10,572,386,488
2024,General Motors,Cadillac,CT4 V AWD,2.7,4,Auto(S10),20,28,23,Turbocharged,Semi-Automatic,10,All Wheel Drive,Compact Cars,2023-07-11,445,318,387
2024,Toyota,LEXUS,UX 250h,2.0,4,Auto(AV-S6),43,41,42,Naturally Aspirated,Selectable Continuously Variable (e.g. CVT with paddles),6,"2-Wheel Drive, Front",Compact Cars,2023-04-19,204,215,209
2024,Toyota,LEXUS,UX 250h,2.0,4,Auto(AV-S6),43,41,42,Naturally Aspirated,Selectable Continuously Variable (e.g. CVT with paddles),6,"2-Wheel Drive, Front",Compact Cars,2023-04-19,204,215,209
2024,Toyota,LEXUS,UX 250h AWD,2.0,4,Auto(AV-S6),41,38,39,Naturally Aspirated,Selectable Continuously Variable (e.g. CVT with paddles),6,All Wheel Drive,Compact Cars,2023-04-19,213,231,225
2024,Toyota,LEXUS,UX 250h AWD,2.0,4,Auto(AV-S6),41,38,39,Naturally Aspirated,Selectable Continuously Variable (e.g. CVT with paddles),6,All Wheel Drive,Compact Cars,2023-04-19,213,231,225
2024,Mitsubishi Motors Co,Mitsubishi Motors Corporation,MIRAGE,1.2,3,Auto(AV),36,43,39,Naturally Aspirated,Continuously Variable,1,"2-Wheel Drive, Front",Compact Cars,2023-07-01,245,205,227
2024,Mitsubishi Motors Co,Mitsubishi Motors Corporation,MIRAGE G4,1.2,3,Auto(AV),35,41,37,Naturally Aspirated,Continuously Variable,1,"2-Wheel Drive, Front",Compact Cars,2023-07-01,254,214,236
2024,Volkswagen Group of,Volkswagen,GTI,2.0,4,Auto(AM-S7),24,33,27,Turbocharged,Automated Manual- Selectable (e.g. Automated Manual with paddles),7,"2-Wheel Drive, Front",Compact Cars,2023-06-16,366,270,323
2024,Volkswagen Group of,Volkswagen,GTI,2.0,4,Manual(M6),23,34,27,Turbocharged,Manual,6,"2-Wheel Drive, Front",Compact Cars,2023-06-16,378,263,327
2024,Volkswagen Group of,Volkswagen,Jetta,1.5,4,Manual(M6),29,42,34,Turbocharged,Manual,6,"2-Wheel Drive, Front",Compact Cars,2023-06-30,309,212,265
2024,Volvo,"Volvo Cars of North America, LLC",S60 B5,2.0,4,Auto(S8),26,35,30,Turbocharged,Semi-Automatic,8,"2-Wheel Drive, Front",Compact Cars,2023-05-15,336,250,297
2024,Volvo,"Volvo Cars of North America, LLC",S60 B5 AWD,2.0,4,Auto(S8),25,33,28,Turbocharged,Semi-Automatic,8,All Wheel Drive,Compact Cars,2023-05-15,357,267,316
2024,FCA US LLC,ALFA ROMEO,Giulia,2.0,4,Auto(A8),24,33,27,Turbocharged,Automatic,8,"2-Wheel Drive, Rear",Midsize Cars,2023-05-08,377,273,330
2024,FCA US LLC,ALFA ROMEO,Giulia,2.9,6,Auto(A8),17,25,20,Turbocharged,Automatic,8,"2-Wheel Drive, Rear",Midsize Cars,2023-07-17,507,349,436
2024,FCA US LLC,ALFA ROMEO,Giulia AWD,2.0,4,Auto(A8),23,31,26,Turbocharged,Automatic,8,All Wheel Drive,Midsize Cars,2023-05-08,395,291,348
2024,Volkswagen Group of,Audi,A5 Sportback quattro,2.0,4,Auto(AM-S7),26,35,30,Turbocharged,Automated Manual- Selectable (e.g. Automated Manual with paddles),7,All Wheel Drive,Midsize Cars,2023-06-01,340,250,300
2024,Volkswagen Group of,Audi,RS 5 Sportback,2.9,6,Auto(S8),18,25,20,Turbocharged,Semi-Automatic,8,All Wheel Drive,Midsize Cars,2023-06-09,501,361,438
2024,BMW,BMW,840i Gran Coupe,3.0,6,Auto(S8),21,29,24,Turbocharged,Semi-Automatic,8,"2-Wheel Drive, Rear",Midsize Cars,2023-03-10,427,310,374
2024,BMW,BMW,840i xDrive Gran Coupe,3.0,6,Auto(S8),21,29,24,Turbocharged,Semi-Automatic,8,All Wheel Drive,Midsize Cars,2023-03-10,426,308,373
2024,BMW,BMW,ALPINA B8 Gran Coupe,4.4,8,Auto(S8),17,24,19,Turbocharged,Semi-Automatic,8,All Wheel Drive,Midsize Cars,2023-03-10,527,372,457
2024,BMW,BMW,M8 Competition Gran Coupe,4.4,8,Auto(S8),15,22,17,Turbocharged,Semi-Automatic,8,All Wheel Drive,Midsize Cars,2023-03-10,603,411,517
2024,BMW,BMW,M850i xDrive Gran Coupe,4.4,8,Auto(S8),17,24,19,Turbocharged,Semi-Automatic,8,All Wheel Drive,Midsize Cars,2023-03-10,527,372,457
2024,General Motors,Cadillac,CT5,2.0,4,Auto(S10),23,33,27,Turbocharged,Semi-Automatic,10,"2-Wheel Drive, Rear",Midsize Cars,2023-07-11,387,268,333
2024,General Motors,Cadillac,CT5,3.0,6,Auto(S10),19,27,22,Turbocharged,Semi-Automatic,10,"2-Wheel Drive, Rear",Midsize Cars,2023-07-11,469,329,406
2024,General Motors,Cadillac,CT5 AWD,2.0,4,Auto(S10),22,30,25,Turbocharged,Semi-Automatic,10,All Wheel Drive,Midsize Cars,2023-07-11,411,293,358
2024,General Motors,Cadillac,CT5 AWD,3.0,6,Auto(S10),18,26,21,Turbocharged,Semi-Automatic,10,All Wheel Drive,Midsize Cars,2023-07-11,481,343,419
2024,General Motors,Cadillac,CT5 V,3.0,6,Auto(S10),18,27,21,Turbocharged,Semi-Automatic,10,"2-Wheel Drive, Rear",Midsize Cars,2023-07-11,493,329,423
2024,General Motors,Cadillac,CT5 V,6.2,8,Auto(S10),13,21,16,Supercharged,Semi-Automatic,10,"2-Wheel Drive, Rear",Midsize Cars,2023-07-11,674,415,558
2024,General Motors,Cadillac,CT5 V,6.2,8,Manual(M6),13,21,15,Supercharged,Manual,6,"2-Wheel Drive, Rear",Midsize Cars,2023-07-10,692,422,592
2024,General Motors,Cadillac,CT5 V AWD,3.0,6,Auto(S10),18,26,21,Turbocharged,Semi-Automatic,10,All Wheel Drive,Midsize Cars,2023-07-11,481,343,419
2024,Jaguar Land Rover L,Jaguar,XF P250,2.0,4,Auto(S8),23,30,26,Turbocharged,Semi-Automatic,8,"2-Wheel Drive, Rear",Midsize Cars,2023-06-22,388,294,346
2024,Toyota,LEXUS,ES 250 AWD,2.5,4,Auto(S8),25,34,28,Naturally Aspirated,Semi-Automatic,8,All Wheel Drive,Midsize Cars,2023-07-06,353,256,315
2024,Toyota,LEXUS,ES 300h,2.5,4,Auto(AV-S6),43,44,44,Naturally Aspirated,Selectable Continuously Variable (e.g. CVT with paddles),6,"2-Wheel Drive, Front",Midsize Cars,2023-07-06,204,199,202
2024,Toyota,LEXUS,ES 350,3.5,6,Auto(S8),22,32,26,Naturally Aspirated,Semi-Automatic,8,"2-Wheel Drive, Front",Midsize Cars,2023-07-06,404,275,346
2024,Toyota,LEXUS,ES 350 F SPORT,3.5,6,Auto(S8),22,31,25,Naturally Aspirated,Semi-Automatic,8,"2-Wheel Drive, Front",Midsize Cars,2023-07-06,409,283,352
2024,Maserati,MASERATI,Ghibli GT,3.0,6,Auto(A8),18,25,20,Turbocharged,Automatic,8,"2-Wheel Drive, Rear",Midsize Cars,2023-06-01,503,354,436
2024,Maserati,MASERATI,Ghibli Modena RWD,3.0,6,Auto(A8),18,25,20,Turbocharged,Automatic,8,"2-Wheel Drive, Rear",Midsize Cars,2023-06-01,503,354,436
2024,Maserati,MASERATI,Ghibli Trofeo,3.8,8,Auto(A8),13,20,16,Turbocharged,Automatic,8,"2-Wheel Drive, Rear",Midsize Cars,2023-06-01,654,446,560
2024,MAZDA,MAZDA,MAZDA3 5-Door 2WD,2.5,4,Auto(S6),27,35,30,Naturally Aspirated,Semi-Automatic,6,"2-Wheel Drive, Front",Midsize Cars,2023-07-20,328,254,294
2024,MAZDA,MAZDA,MAZDA3 5-Door 2WD,2.5,4,Manual(M6),26,36,30,Naturally Aspirated,Manual,6,"2-Wheel Drive, Front",Midsize Cars,2023-07-20,339,244,296
2024,MAZDA,MAZDA,MAZDA3 5-Door 4WD,2.5,4,Auto(S6),23,31,26,Turbocharged,Semi-Automatic,6,4-Wheel Drive,Midsize Cars,2023-07-20,380,285,337
2024,MAZDA,MAZDA,MAZDA3 5-Door 4WD,2.5,4,Auto(S6),26,33,29,Naturally Aspirated,Semi-Automatic,6,4-Wheel Drive,Midsize Cars,2023-07-20,343,272,311
2024,BMW,Mini,COOPER COUNTRYMAN,1.5,3,Auto(AM-S7),26,32,28,Turbocharged,Automated Manual- Selectable (e.g. Automated Manual with paddles),7,"2-Wheel Drive, Front",Midsize Cars,2023-03-01,344,273,312
2024,BMW,Mini,COOPER COUNTRYMAN ALL4,1.5,3,Auto(S8),23,31,26,Turbocharged,Semi-Automatic,8,All Wheel Drive,Midsize Cars,2023-03-01,379,285,337
2024,BMW,Mini,COOPER S CLUBMAN,2.0,4,Auto(AM-S7),25,35,29,Turbocharged,Automated Manual- Selectable (e.g. Automated Manual with paddles),7,"2-Wheel Drive, Front",Midsize Cars,2023-03-01,349,256,307
2024,BMW,Mini,COOPER S CLUBMAN,2.0,4,Manual(M6),22,32,25,Turbocharged,Manual,6,"2-Wheel Drive, Front",Midsize Cars,2023-03-01,405,278,348
2024,BMW,Mini,COOPER S CLUBMAN ALL4,2.0,4,Auto(S8),23,32,27,Turbocharged,Semi-Automatic,8,All Wheel Drive,Midsize Cars,2023-03-01,379,275,332
2024,BMW,Mini,COOPER S COUNTRYMAN,2.0,4,Auto(AM-S7),24,33,28,Turbocharged,Automated Manual- Selectable (e.g. Automated Manual with paddles),7,"2-Wheel Drive, Front",Midsize Cars,2023-03-01,362,271,321
2024,BMW,Mini,COOPER S COUNTRYMAN ALL4,2.0,4,Auto(S8),23,31,26,Turbocharged,Semi-Automatic,8,All Wheel Drive,Midsize Cars,2023-03-01,389,283,341
2024,BMW,Mini,JCW COUNTRYMAN ALL4,2.0,4,Auto(S8),24,30,26,Turbocharged,Semi-Automatic,8,All Wheel Drive,Midsize Cars,2023-03-01,376,293,338
2024,BMW,Mini,JOHN COOPER WORKS CLUBMAN ALL4,2.0,4,Auto(S8),23,31,26,Turbocharged,Semi-Automatic,8,All Wheel Drive,Midsize Cars,2023-03-01,381,286,339
2024,Subaru,Subaru,LEGACY,2.4,4,Auto(AV-S8),23,31,26,Turbocharged,Selectable Continuously Variable (e.g. CVT with paddles),8,All Wheel Drive,Midsize Cars,2023-03-18,381,283,337
2024,Subaru,Subaru,LEGACY,2.5,4,Auto(AV-S8),27,35,30,Naturally Aspirated,Selectable Continuously Variable (e.g. CVT with paddles),8,All Wheel Drive,Midsize Cars,2023-03-18,330,253,295
2024,Volvo,"Volvo Cars of North America, LLC",S90 B6 AWD,2.0,4,Auto(S8),22,31,25,Turbocharged+Supercharged,Semi-Automatic,8,All Wheel Drive,Midsize Cars,2023-05-15,398,285,347
2024,Honda,Acura,INTEGRA,1.5,4,Auto(AV-S7),30,37,33,Turbocharged,Selectable Continuously Variable (e.g. CVT with paddles),7,"2-Wheel Drive, Front",Large Cars,2023-04-17,296,237,269
2024,Honda,Acura,INTEGRA,2.0,4,Manual(M6),21,28,24,Turbocharged,Manual,6,"2-Wheel Drive, Front",Large Cars,2023-05-31,419,312,371
2024,Honda,Acura,INTEGRA A-SPEC,1.5,4,Auto(AV-S7),29,36,32,Turbocharged,Selectable Continuously Variable (e.g. CVT with paddles),7,"2-Wheel Drive, Front",Large Cars,2023-04-17,304,245,277
2024,Honda,Acura,INTEGRA A-SPEC,1.5,4,Manual(M6),26,36,30,Turbocharged,Manual,6,"2-Wheel Drive, Front",Large Cars,2023-04-17,339,241,293
2024,BMW,BMW,740i Sedan,3.0,6,Auto(S8),25,31,28,Turbocharged,Semi-Automatic,8,"2-Wheel Drive, Rear",Large Cars,2023-07-07,347,279,317
2024,BMW,BMW,760i xDrive Sedan,4.4,8,Auto(S8),18,25,20,Turbocharged,Semi-Automatic,8,All Wheel Drive,Large Cars,2023-07-07,494,344,427
2024,Hyundai,GENESIS,G80 AWD,2.5,4,Auto(S8),22,30,25,Turbocharged,Semi-Automatic,8,All Wheel Drive,Large Cars,2023-06-01,412,299,361
2024,Hyundai,GENESIS,G80 AWD,3.5,6,Auto(S8),17,25,19,Turbocharged,Semi-Automatic,8,All Wheel Drive,Large Cars,2023-06-01,541,361,460
2024,Hyundai,GENESIS,G90 AWD,3.5,6,Auto(S8),18,26,21,Turbocharged,Semi-Automatic,8,All Wheel Drive,Large Cars,2023-06-15,491,347,426
2024,Hyundai,GENESIS,G90 MHEV,3.5,6,Auto(S8),17,24,20,Turbocharged+Supercharged,Semi-Automatic,8,All Wheel Drive,Large Cars,2023-06-15,505,363,441
2024,Kia,KIA,K5,1.6,4,Auto(S8),27,37,31,Turbocharged,Semi-Automatic,8,"2-Wheel Drive, Front",Large Cars,2023-04-22,335,242,293
2024,Kia,KIA,K5,2.5,4,Auto(AM-S8),24,32,27,Turbocharged,Automated Manual- Selectable (e.g. Automated Manual with paddles),8,"2-Wheel Drive, Front",Large Cars,2023-04-22,377,278,332
2024,Kia,KIA,K5 AWD,1.6,4,Auto(S8),25,33,28,Turbocharged,Semi-Automatic,8,All Wheel Drive,Large Cars,2023-04-22,354,269,316
2024,Maserati,MASERATI,Quattroporte GT,3.0,6,Auto(A8),16,25,19,Turbocharged,Automatic,8,"2-Wheel Drive, Rear",Large Cars,2023-06-01,541,344,453
2024,Maserati,MASERATI,Quattroporte Modena AWD,3.0,6,Auto(A8),17,25,20,Turbocharged,Automatic,8,All Wheel Drive,Large Cars,2023-06-01,534,361,457
2024,Maserati,MASERATI,Quattroporte Modena RWD,3.0,6,Auto(A8),16,25,19,Turbocharged,Automatic,8,"2-Wheel Drive, Rear",Large Cars,2023-06-01,541,344,453
2024,Maserati,MASERATI,Quattroporte Trofeo,3.8,8,Auto(A8),13,20,16,Turbocharged,Automatic,8,"2-Wheel Drive, Rear",Large Cars,2023-06-01,654,446,560
2024,Rolls-Royce,Rolls-Royce Motor Cars Limited,Ghost,6.7,12,Auto(S8),12,19,14,Turbocharged,Semi-Automatic,8,All Wheel Drive,Large Cars,2023-07-21,746,475,624
2024,Rolls-Royce,Rolls-Royce Motor Cars Limited,Ghost Black Badge,6.7,12,Auto(S8),12,19,14,Turbocharged,Semi-Automatic,8,All Wheel Drive,Large Cars,2023-07-21,746,475,624
2024,Rolls-Royce,Rolls-Royce Motor Cars Limited,Ghost Extended,6.7,12,Auto(S8),12,19,14,Turbocharged,Semi-Automatic,8,All Wheel Drive,Large Cars,2023-07-21,746,475,624
2024,Rolls-Royce,Rolls-Royce Motor Cars Limited,Phantom,6.7,12,Auto(S8),12,18,14,Turbocharged,Semi-Automatic,8,"2-Wheel Drive, Rear",Large Cars,2023-07-21,760,492,639
2024,Rolls-Royce,Rolls-Royce Motor Cars Limited,Phantom Extended,6.7,12,Auto(S8),12,18,14,Turbocharged,Semi-Automatic,8,"2-Wheel Drive, Rear",Large Cars,2023-07-21,760,492,639
2024,General Motors,Buick,ENVISTA,1.2,3,Auto(A6),28,32,30,Turbocharged,Automatic,6,"2-Wheel Drive, Front",Small Station Wagons,2023-05-11,316,277,296
2024,General Motors,Chevrolet,TRAX,1.2,3,Auto(A6),28,32,30,Turbocharged,Automatic,6,"2-Wheel Drive, Front",Small Station Wagons,2023-02-01,315,278,298
2024,Honda,Honda,HR-V AWD,2.0,4,Auto(AV),25,30,27,Naturally Aspirated,Continuously Variable,1,All Wheel Drive,Small Station Wagons,2023-04-28,353,292,326
2024,Honda,Honda,HR-V FWD,2.0,4,Auto(AV),26,32,28,Naturally Aspirated,Continuously Variable,1,"2-Wheel Drive, Front",Small Station Wagons,2023-04-28,336,277,309
2024,Kia,KIA,Soul,2.0,4,Auto(AV),27,33,30,Naturally Aspirated,Continuously Variable,1,"2-Wheel Drive, Front",Small Station Wagons,2023-07-01,328,270,302
2024,Kia,KIA,Soul Eco dynamics,2.0,4,Auto(AV),29,35,31,Naturally Aspirated,Continuously Variable,1,"2-Wheel Drive, Front",Small Station Wagons,2023-07-01,312,256,287
2024,Volkswagen Group of,Lamborghini,Urus Performante,4.0,8,Auto(S8),14,19,16,Turbocharged,Semi-Automatic,8,All Wheel Drive,Small Station Wagons,2023-06-09,626,467,554
2024,Subaru,Subaru,IMPREZA,2.0,4,Auto(AV-S8),27,34,30,Naturally Aspirated,Selectable Continuously Variable (e.g. CVT with paddles),8,All Wheel Drive,Small Station Wagons,2023-04-10,328,260,297
2024,Subaru,Subaru,IMPREZA,2.5,4,Auto(AV-S8),26,33,29,Naturally Aspirated,Selectable Continuously Variable (e.g. CVT with paddles),8,All Wheel Drive,Small Station Wagons,2023-04-10,337,268,306
2024,Volvo,"Volvo Cars of North America, LLC",V60CC B5 AWD,2.0,4,Auto(S8),24,31,27,Turbocharged,Semi-Automatic,8,All Wheel Drive,Small Station Wagons,2023-05-15,375,283,334
2024,Rolls-Royce,Rolls-Royce Motor Cars Limited,Cullinan,6.7,12,Auto(S8),12,19,14,Turbocharged,Semi-Automatic,8,All Wheel Drive,Midsize Station Wagons,2023-07-21,757,468,627
2024,Rolls-Royce,Rolls-Royce Motor Cars Limited,Cullinan Black Badge,6.7,12,Auto(S8),12,19,14,Turbocharged,Semi-Automatic,8,All Wheel Drive,Midsize Station Wagons,2023-07-21,757,468,627
2024,Volvo,"Volvo Cars of North America, LLC",V90CC B6 AWD,2.0,4,Auto(S8),22,29,25,Turbocharged+Supercharged,Semi-Automatic,8,All Wheel Drive,Midsize Station Wagons,2023-05-15,403,304,358
2024,General Motors,Chevrolet,SILVERADO 2WD,3.0,6,Auto(A10),23,29,26,Turbocharged,Automatic,10,"2-Wheel Drive, Rear",Standard Pick-up Trucks 2WD,2023-07-19,435,351,397
2024,General Motors,Chevrolet,SILVERADO 2WD,5.3,8,Auto(A10),16,22,18,Naturally Aspirated,Automatic,10,"2-Wheel Drive, Rear",Standard Pick-up Trucks 2WD,2023-07-21,554,410,489
2024,General Motors,Chevrolet,SILVERADO 2WD,5.3,8,Auto(A10),15,19,16,Naturally Aspirated,Automatic,10,"2-Wheel Drive, Rear",Standard Pick-up Trucks 2WD,2023-07-20,604,475,546
2024,General Motors,Chevrolet,SILVERADO 2WD,5.3,8,Auto(A10),16,21,18,Naturally Aspirated,Automatic,10,"2-Wheel Drive, Rear",Standard Pick-up Trucks 2WD,2023-07-20,540,430,490
2024,General Motors,Chevrolet,SILVERADO 2WD,5.3,8,Auto(A10),16,20,18,Naturally Aspirated,Automatic,10,"2-Wheel Drive, Rear",Standard Pick-up Trucks 2WD,2023-07-17,541,442,496
2024,General Motors,GMC,SIERRA 2WD,3.0,6,Auto(A10),23,29,25,Turbocharged,Automatic,10,"2-Wheel Drive, Rear",Standard Pick-up Trucks 2WD,2023-07-19,437,353,399
2024,General Motors,GMC,SIERRA 2WD,5.3,8,Auto(A10),16,21,18,Naturally Aspirated,Automatic,10,"2-Wheel Drive, Rear",Standard Pick-up Trucks 2WD,2023-07-21,554,423,495
2024,General Motors,GMC,SIERRA 2WD,5.3,8,Auto(A10),15,19,16,Naturally Aspirated,Automatic,10,"2-Wheel Drive, Rear",Standard Pick-up Trucks 2WD,2023-07-20,604,475,546
2024,General Motors,GMC,SIERRA 2WD,5.3,8,Auto(A10),16,20,18,Naturally Aspirated,Automatic,10,"2-Wheel Drive, Rear",Standard Pick-up Trucks 2WD,2023-07-20,558,441,506
2024,General Motors,GMC,SIERRA 2WD,5.3,8,Auto(A10),16,20,18,Naturally Aspirated,Automatic,10,"2-Wheel Drive, Rear",Standard Pick-up Trucks 2WD,2023-07-17,541,442,496
2024,FCA US LLC,RAM,1500 4X2,3.6,6,Auto(A8),20,25,22,Naturally Aspirated,Automatic,8,"2-Wheel Drive, Rear",Standard Pick-up Trucks 2WD,2023-07-24,451,353,407
2024,FCA US LLC,RAM,1500 4X2,5.7,8,Auto(A8),18,23,20,Naturally Aspirated,Automatic,8,"2-Wheel Drive, Rear",Standard Pick-up Trucks 2WD,2023-07-24,489,386,443
2024,General Motors,Chevrolet,SILVERADO 4WD,3.0,6,Auto(A10),23,27,24,Turbocharged,Automatic,10,4-Wheel Drive,Standard Pick-up Trucks 4WD,2023-07-19,450,375,416
2024,General Motors,Chevrolet,SILVERADO 4WD,3.0,6,Auto(A10),21,24,23,Turbocharged,Automatic,10,4-Wheel Drive,Standard Pick-up Trucks 4WD,2023-07-19,474,419,450
2024,General Motors,Chevrolet,SILVERADO 4WD,5.3,8,Auto(A10),15,20,17,Naturally Aspirated,Automatic,10,4-Wheel Drive,Standard Pick-up Trucks 4WD,2023-07-21,572,450,517
2024,General Motors,Chevrolet,SILVERADO 4WD,5.3,8,Auto(A10),15,19,17,Naturally Aspirated,Automatic,10,4-Wheel Drive,Standard Pick-up Trucks 4WD,2023-07-20,584,474,535
2024,General Motors,Chevrolet,SILVERADO 4WD,5.3,8,Auto(A10),15,19,16,Naturally Aspirated,Automatic,10,4-Wheel Drive,Standard Pick-up Trucks 4WD,2023-07-19,604,475,546
2024,General Motors,Chevrolet,SILVERADO 4WD,5.3,8,Auto(A10),15,19,17,Naturally Aspirated,Automatic,10,4-Wheel Drive,Standard Pick-up Trucks 4WD,2023-07-17,576,462,524
2024,General Motors,Chevrolet,SILVERADO 4WD,6.2,8,Auto(A10),15,20,17,Naturally Aspirated,Automatic,10,4-Wheel Drive,Standard Pick-up Trucks 4WD,2023-07-19,591,449,527
2024,General Motors,Chevrolet,SILVERADO 4WD MUD TERRAIN TIRES,3.0,6,Auto(A10),21,23,22,Turbocharged,Automatic,10,4-Wheel Drive,Standard Pick-up Trucks 4WD,2023-07-19,491,448,471
2024,General Motors,Chevrolet,SILVERADO 4WD MUD TERRAIN TIRES,3.0,6,Auto(A10),21,23,22,Turbocharged,Automatic,10,4-Wheel Drive,Standard Pick-up Trucks 4WD,2023-07-19,482,439,463
2024,General Motors,Chevrolet,SILVERADO 4WD MUD TERRAIN TIRES,5.3,8,Auto(A10),15,18,16,Naturally Aspirated,Automatic,10,4-Wheel Drive,Standard Pick-up Trucks 4WD,2023-07-21,585,496,545
2024,General Motors,Chevrolet,SILVERADO 4WD MUD TERRAIN TIRES,5.3,8,Auto(A10),15,18,16,Naturally Aspirated,Automatic,10,4-Wheel Drive,Standard Pick-up Trucks 4WD,2023-07-20,597,504,555
2024,General Motors,Chevrolet,SILVERADO 4WD MUD TERRAIN TIRES,5.3,8,Auto(A10),15,19,16,Naturally Aspirated,Automatic,10,4-Wheel Drive,Standard Pick-up Trucks 4WD,2023-07-19,604,475,546
2024,General Motors,Chevrolet,SILVERADO 4WD MUD TERRAIN TIRES,5.3,8,Auto(A10),15,19,17,Naturally Aspirated,Automatic,10,4-Wheel Drive,Standard Pick-up Trucks 4WD,2023-07-17,576,462,524
2024,General Motors,Chevrolet,SILVERADO 4WD MUD TERRAIN TIRES,6.2,8,Auto(A10),14,17,15,Naturally Aspirated,Automatic,10,4-Wheel Drive,Standard Pick-up Trucks 4WD,2023-07-19,641,528,590
2024,General Motors,Chevrolet,SILVERADO 4WD ZR2,3.0,6,Auto(A10),20,22,21,Turbocharged,Automatic,10,4-Wheel Drive,Standard Pick-up Trucks 4WD,2023-07-19,509,454,484
2024,General Motors,Chevrolet,SILVERADO 4WD ZR2,6.2,8,Auto(A10),14,17,15,Naturally Aspirated,Automatic,10,4-Wheel Drive,Standard Pick-up Trucks 4WD,2023-07-19,638,535,591
2024,General Motors,GMC,SIERRA 4WD,3.0,6,Auto(A10),23,27,24,Turbocharged,Automatic,10,4-Wheel Drive,Standard Pick-up Trucks 4WD,2023-07-19,450,375,416
2024,General Motors,GMC,SIERRA 4WD,5.3,8,Auto(A10),15,20,17,Naturally Aspirated,Automatic,10,4-Wheel Drive,Standard Pick-up Trucks 4WD,2023-07-21,574,435,511
2024,General Motors,GMC,SIERRA 4WD,5.3,8,Auto(A10),15,19,17,Naturally Aspirated,Automatic,10,4-Wheel Drive,Standard Pick-up Trucks 4WD,2023-07-20,586,469,533
2024,General Motors,GMC,SIERRA 4WD,5.3,8,Auto(A10),15,19,16,Naturally Aspirated,Automatic,10,4-Wheel Drive,Standard Pick-up Trucks 4WD,2023-07-19,604,475,546
2024,General Motors,GMC,SIERRA 4WD,5.3,8,Auto(A10),15,19,17,Naturally Aspirated,Automatic,10,4-Wheel Drive,Standard Pick-up Trucks 4WD,2023-07-17,576,462,524
2024,General Motors,GMC,SIERRA 4WD,6.2,8,Auto(A10),15,19,16,Naturally Aspirated,Automatic,10,4-Wheel Drive,Standard Pick-up Trucks 4WD,2023-07-19,606,457,539
2024,General Motors,GMC,SIERRA 4WD AT4X,3.0,6,Auto(A10),19,20,19,Turbocharged,Automatic,10,4-Wheel Drive,Standard Pick-up Trucks 4WD,2023-07-19,530,516,524
2024,General Motors,GMC,SIERRA 4WD AT4X,6.2,8,Auto(A10),14,16,15,Naturally Aspirated,Automatic,10,4-Wheel Drive,Standard Pick-up Trucks 4WD,2023-07-19,638,557,601
2024,General Motors,GMC,SIERRA 4WD MUD TERRAIN TIRES,3.0,6,Auto(A10),21,23,22,Turbocharged,Automatic,10,4-Wheel Drive,Standard Pick-up Trucks 4WD,2023-07-19,491,448,471
2024,General Motors,GMC,SIERRA 4WD MUD TERRAIN TIRES,5.3,8,Auto(A10),15,18,16,Naturally Aspirated,Automatic,10,4-Wheel Drive,Standard Pick-up Trucks 4WD,2023-07-21,603,502,558
2024,General Motors,GMC,SIERRA 4WD MUD TERRAIN TIRES,5.3,8,Auto(A10),15,18,16,Naturally Aspirated,Automatic,10,4-Wheel Drive,Standard Pick-up Trucks 4WD,2023-07-20,597,500,553
2024,General Motors,GMC,SIERRA 4WD MUD TERRAIN TIRES,5.3,8,Auto(A10),15,19,16,Naturally Aspirated,Automatic,10,4-Wheel Drive,Standard Pick-up Trucks 4WD,2023-07-19,604,475,546
2024,General Motors,GMC,SIERRA 4WD MUD TERRAIN TIRES,5.3,8,Auto(A10),15,19,17,Naturally Aspirated,Automatic,10,4-Wheel Drive,Standard Pick-up Trucks 4WD,2023-07-17,576,462,524
2024,General Motors,GMC,SIERRA 4WD MUD TERRAIN TIRES,6.2,8,Auto(A10),14,17,15,Naturally Aspirated,Automatic,10,4-Wheel Drive,Standard Pick-up Trucks 4WD,2023-07-19,641,528,590
2024,FCA US LLC,RAM,1500 4X4,3.6,6,Auto(A8),19,24,21,Naturally Aspirated,Automatic,8,4-Wheel Drive,Standard Pick-up Trucks 4WD,2023-07-24,458,367,417
2024,FCA US LLC,RAM,1500 4X4,5.7,8,Auto(A8),18,22,19,Naturally Aspirated,Automatic,8,4-Wheel Drive,Standard Pick-up Trucks 4WD,2023-07-24,506,395,456
2024,FCA US LLC,RAM,1500 TRX 4x4,6.2,8,Auto(A8),10,14,12,Supercharged,Automatic,8,4-Wheel Drive,Standard Pick-up Trucks 4WD,2023-07-24,850,624,748
2024,General Motors,Cadillac,XT5 HEARSE FWD,2.0,4,Auto(S9),20,23,21,Turbocharged,Semi-Automatic,9,"2-Wheel Drive, Front",Special Purpose Vehicle 2WD,2023-06-02,453,391,425
2024,General Motors,Cadillac,XT5 LIMO FWD,2.0,4,Auto(S9),20,23,21,Turbocharged,Semi-Automatic,9,"2-Wheel Drive, Front",Special Purpose Vehicle 2WD,2023-06-02,453,391,425
2024,General Motors,Cadillac,XT5 HEARSE AWD,2.0,4,Auto(S9),20,23,21,Turbocharged,Semi-Automatic,9,All Wheel Drive,Special Purpose Vehicle 4WD,2023-06-02,453,391,425
2024,General Motors,Cadillac,XT5 LIMO AWD,2.0,4,Auto(S9),20,23,21,Turbocharged,Semi-Automatic,9,All Wheel Drive,Special Purpose Vehicle 4WD,2023-06-02,453,391,425
2024,General Motors,Chevrolet,SILVERADO 2WD CAB CHASSIS,5.3,8,Auto(A10),15,18,16,Naturally Aspirated,Automatic,10,"2-Wheel Drive, Rear",Special Purpose Vehicle cab chassis,2023-07-21,585,496,545
2024,General Motors,Chevrolet,SILVERADO 4WD CAB CHASSIS,5.3,8,Auto(A10),14,17,15,Naturally Aspirated,Automatic,10,4-Wheel Drive,Special Purpose Vehicle cab chassis,2023-07-21,624,521,577
2024,General Motors,GMC,SIERRA 2WD CAB CHASSIS,5.3,8,Auto(A10),14,17,15,Naturally Aspirated,Automatic,10,"2-Wheel Drive, Rear",Special Purpose Vehicle cab chassis,2023-07-21,634,514,580
2024,General Motors,GMC,SIERRA 4WD CAB CHASSIS,5.3,8,Auto(A10),14,17,15,Naturally Aspirated,Automatic,10,4-Wheel Drive,Special Purpose Vehicle cab chassis,2023-07-21,626,524,580
2024,Honda,Honda,ODYSSEY FWD,3.5,6,Auto(S10),19,28,22,Naturally Aspirated,Semi-Automatic,10,"2-Wheel Drive, Front","Special Purpose Vehicle, minivan 2WD",2023-07-24,456,319,394
2024,Kia,KIA,Carnival,3.5,6,Auto(S8),19,26,22,Naturally Aspirated,Semi-Automatic,8,"2-Wheel Drive, Front","Special Purpose Vehicle, minivan 2WD",2023-03-01,461,343,408
2024,Honda,Acura,MDX FWD,3.5,6,Auto(S10),19,26,22,Naturally Aspirated,Semi-Automatic,10,"2-Wheel Drive, Front",Small SUV 2WD,2023-05-02,470,339,411
2024,FCA US LLC,ALFA ROMEO,Stelvio,2.0,4,Auto(A8),22,29,25,Turbocharged,Automatic,8,"2-Wheel Drive, Rear",Small SUV 2WD,2023-05-08,404,305,359
2024,BMW,BMW,X3 sDrive30i,2.0,4,Auto(S8),23,29,25,Turbocharged,Semi-Automatic,8,"2-Wheel Drive, Rear",Small SUV 2WD,2023-06-16,389,307,352
2024,General Motors,Buick,ENCORE GX FWD,1.2,3,Auto(AV),30,31,30,Turbocharged,Continuously Variable,1,"2-Wheel Drive, Front",Small SUV 2WD,2023-04-21,294,288,297
2024,General Motors,Buick,ENCORE GX FWD,1.3,3,Auto(AV),29,31,30,Turbocharged,Continuously Variable,1,"2-Wheel Drive, Front",Small SUV 2WD,2023-03-15,302,287,297
2024,General Motors,Cadillac,XT4 FWD,2.0,4,Auto(S9),24,29,26,Turbocharged,Semi-Automatic,9,"2-Wheel Drive, Front",Small SUV 2WD,2023-04-20,376,303,343
2024,General Motors,Cadillac,XT5 FWD,2.0,4,Auto(S9),22,29,24,Turbocharged,Semi-Automatic,9,"2-Wheel Drive, Front",Small SUV 2WD,2023-06-02,403,303,370
2024,General Motors,Cadillac,XT5 FWD,3.6,6,Auto(S9),19,26,21,Naturally Aspirated,Semi-Automatic,9,"2-Wheel Drive, Front",Small SUV 2WD,2023-06-03,478,344,418
2024,General Motors,Cadillac,XT6 FWD,2.0,4,Auto(S9),21,27,23,Turbocharged,Semi-Automatic,9,"2-Wheel Drive, Front",Small SUV 2WD,2023-06-02,418,324,386
2024,General Motors,Cadillac,XT6 FWD,3.6,6,Auto(S9),19,26,21,Naturally Aspirated,Semi-Automatic,9,"2-Wheel Drive, Front",Small SUV 2WD,2023-06-03,478,344,418
2024,General Motors,Chevrolet,BLAZER FWD,2.0,4,Auto(A9),22,29,25,Turbocharged,Automatic,9,"2-Wheel Drive, Front",Small SUV 2WD,2023-06-23,403,302,358
2024,General Motors,Chevrolet,BLAZER FWD,3.6,6,Auto(A9),19,26,22,Naturally Aspirated,Automatic,9,"2-Wheel Drive, Front",Small SUV 2WD,2023-06-23,470,338,411
2024,General Motors,Chevrolet,EQUINOX FWD,1.5,4,Auto(A6),26,31,28,Turbocharged,Automatic,6,"2-Wheel Drive, Front",Small SUV 2WD,2023-05-01,336,280,310
2024,General Motors,Chevrolet,TRAILBLAZER FWD,1.3,3,Auto(AV),29,33,31,Turbocharged,Continuously Variable,1,"2-Wheel Drive, Front",Small SUV 2WD,2023-06-14,307,269,290
2024,General Motors,GMC,TERRAIN FWD,1.5,4,Auto(A9),24,29,26,Turbocharged,Automatic,9,"2-Wheel Drive, Front",Small SUV 2WD,2023-05-08,370,307,342
2024,Honda,Honda,CR-V FWD,1.5,4,Auto(AV),28,34,30,Turbocharged,Continuously Variable,1,"2-Wheel Drive, Front",Small SUV 2WD,2023-06-14,314,260,290
2024,Honda,Honda,CR-V FWD,2.0,4,Auto(AV),43,36,40,Naturally Aspirated,Continuously Variable,1,"2-Wheel Drive, Front",Small SUV 2WD,2023-06-14,205,246,223
2024,Hyundai,HYUNDAI MOTOR COMPANY,Kona FWD,1.6,4,Auto(S8),26,32,28,Turbocharged,Semi-Automatic,8,"2-Wheel Drive, Front",Small SUV 2WD,2023-06-15,341,276,312
2024,Hyundai,HYUNDAI MOTOR COMPANY,Kona FWD,2.0,4,Auto(AV-S1),29,34,31,Naturally Aspirated,Selectable Continuously Variable (e.g. CVT with paddles),1,"2-Wheel Drive, Front",Small SUV 2WD,2023-07-18,305,258,284
2024,Hyundai,HYUNDAI MOTOR COMPANY,Kona FWD,2.0,4,Auto(AV-S1),28,35,31,Naturally Aspirated,Selectable Continuously Variable (e.g. CVT with paddles),1,"2-Wheel Drive, Front",Small SUV 2WD,2023-07-18,316,255,288
2024,Hyundai,HYUNDAI MOTOR COMPANY,Palisade FWD,3.8,6,Auto(S8),19,26,22,Naturally Aspirated,Semi-Automatic,8,"2-Wheel Drive, Front",Small SUV 2WD,2023-05-25,460,336,404
2024,Hyundai,HYUNDAI MOTOR COMPANY,Santa Cruz FWD,2.5,4,Auto(S8),22,26,23,Naturally Aspirated,Semi-Automatic,8,"2-Wheel Drive, Front",Small SUV 2WD,2023-05-11,409,347,381
2024,Hyundai,HYUNDAI MOTOR COMPANY,Tucson FWD,2.5,4,Auto(S8),25,32,28,Naturally Aspirated,Semi-Automatic,8,"2-Wheel Drive, Front",Small SUV 2WD,2023-06-01,357,280,323
2024,Hyundai,HYUNDAI MOTOR COMPANY,Venue,1.6,4,Auto(AV-S1),29,33,31,Naturally Aspirated,Selectable Continuously Variable (e.g. CVT with paddles),1,"2-Wheel Drive, Front",Small SUV 2WD,2023-07-01,304,274,291
2024,Kia,KIA,Niro,1.6,4,Auto(AM-S6),53,45,49,Naturally Aspirated,Automated Manual- Selectable (e.g. Automated Manual with paddles),6,"2-Wheel Drive, Front",Small SUV 2WD,2023-07-01,168,196,181
2024,Kia,KIA,Niro FE,1.6,4,Auto(AM-S6),53,54,53,Naturally Aspirated,Automated Manual- Selectable (e.g. Automated Manual with paddles),6,"2-Wheel Drive, Front",Small SUV 2WD,2023-07-01,168,165,167
2024,Kia,KIA,Seltos FWD,2.0,4,Auto(AV-S8),28,34,31,Naturally Aspirated,Selectable Continuously Variable (e.g. CVT with paddles),8,"2-Wheel Drive, Front",Small SUV 2WD,2023-02-24,312,259,288
2024,Kia,KIA,Sportage FWD,2.5,4,Auto(S8),25,33,28,Naturally Aspirated,Semi-Automatic,8,"2-Wheel Drive, Front",Small SUV 2WD,2023-07-15,350,273,315
2024,Kia,KIA,Telluride FWD,3.8,6,Auto(S8),20,26,22,Naturally Aspirated,Semi-Automatic,8,"2-Wheel Drive, Front",Small SUV 2WD,2023-06-01,447,339,398
2024,Toyota,LEXUS,NX 250,2.5,4,Auto(S8),26,33,28,Naturally Aspirated,Semi-Automatic,8,"2-Wheel Drive, Front",Small SUV 2WD,2023-03-17,345,269,311
2024,Nissan,MITSUBISHI MOTORS,Outlander 2WD,2.5,4,Auto(AV-S8),24,31,27,Naturally Aspirated,Selectable Continuously Variable (e.g. CVT with paddles),8,"2-Wheel Drive, Front",Small SUV 2WD,2023-07-01,371,284,331
2024,Mitsubishi Motors Co,Mitsubishi Motors Corporation,ECLIPSE CROSS 2WD,1.5,4,Auto(AV-S8),25,28,26,Turbocharged,Selectable Continuously Variable (e.g. CVT with paddles),8,"2-Wheel Drive, Front",Small SUV 2WD,2023-06-01,354,311,339
2024,Volkswagen Group of,Volkswagen,Atlas,2.0,4,Auto(S8),20,27,23,Turbocharged,Semi-Automatic,8,"2-Wheel Drive, Front",Small SUV 2WD,2023-05-05,442,333,393
2024,Volkswagen Group of,Volkswagen,Atlas Cross Sport,2.0,4,Auto(S8),20,27,23,Turbocharged,Semi-Automatic,8,"2-Wheel Drive, Front",Small SUV 2WD,2023-05-05,442,333,393
2024,Honda,Acura,MDX AWD,3.5,6,Auto(S10),19,25,21,Naturally Aspirated,Semi-Automatic,10,All Wheel Drive,Small SUV 4WD,2023-05-02,477,357,423
2024,FCA US LLC,ALFA ROMEO,Stelvio AWD,2.0,4,Auto(A8),22,28,24,Turbocharged,Automatic,8,All Wheel Drive,Small SUV 4WD,2023-05-08,407,311,364
2024,FCA US LLC,ALFA ROMEO,Stelvio AWD,2.9,6,Auto(A8),17,23,19,Turbocharged,Automatic,8,All Wheel Drive,Small SUV 4WD,2023-07-17,524,390,463
2024,Volkswagen Group of,Audi,Q5 quattro,2.0,4,Auto(AM-S7),23,29,26,Turbocharged,Automated Manual- Selectable (e.g. Automated Manual with paddles),7,All Wheel Drive,Small SUV 4WD,2023-06-01,382,301,346
2024,Volkswagen Group of,Audi,SQ5,3.0,6,Auto(S8),19,24,21,Turbocharged,Semi-Automatic,8,All Wheel Drive,Small SUV 4WD,2023-06-01,474,370,427
2024,Volkswagen Group of,Audi,SQ5 Sportback,3.0,6,Auto(S8),19,24,21,Turbocharged,Semi-Automatic,8,All Wheel Drive,Small SUV 4WD,2023-06-01,474,370,427
2024,BMW,BMW,X1 M35i,2.0,4,Auto(AM-S7),23,31,26,Turbocharged,Automated Manual- Selectable (e.g. Automated Manual with paddles),7,All Wheel Drive,Small SUV 4WD,2023-07-07,377,282,334
2024,BMW,BMW,X3 M,3.0,6,Auto(S8),15,20,17,Turbocharged,Semi-Automatic,8,All Wheel Drive,Small SUV 4WD,2023-07-07,587,437,519
2024,BMW,BMW,X3 M Competition,3.0,6,Auto(S8),15,20,17,Turbocharged,Semi-Automatic,8,All Wheel Drive,Small SUV 4WD,2023-07-07,587,437,519
2024,BMW,BMW,X3 M40i,3.0,6,Auto(S8),21,26,23,Turbocharged,Semi-Automatic,8,All Wheel Drive,Small SUV 4WD,2023-06-23,411,338,378
2024,BMW,BMW,X3 xDrive30i,2.0,4,Auto(S8),21,28,24,Turbocharged,Semi-Automatic,8,All Wheel Drive,Small SUV 4WD,2023-06-16,413,315,369
2024,BMW,BMW,X4 M,3.0,6,Auto(S8),15,20,17,Turbocharged,Semi-Automatic,8,All Wheel Drive,Small SUV 4WD,2023-07-07,587,437,519
2024,BMW,BMW,X4 M Competition,3.0,6,Auto(S8),15,20,17,Turbocharged,Semi-Automatic,8,All Wheel Drive,Small SUV 4WD,2023-07-07,587,437,519
2024,BMW,BMW,X4 M40i,3.0,6,Auto(S8),21,26,23,Turbocharged,Semi-Automatic,8,All Wheel Drive,Small SUV 4WD,2023-06-23,411,338,378
2024,BMW,BMW,X4 xDrive30i,2.0,4,Auto(S8),21,28,24,Turbocharged,Semi-Automatic,8,All Wheel Drive,Small SUV 4WD,2023-06-16,413,315,369
2024,General Motors,Buick,ENCORE GX AWD,1.3,3,Auto(A9),26,28,27,Turbocharged,Automatic,9,All Wheel Drive,Small SUV 4WD,2023-03-15,346,318,333
2024,General Motors,Cadillac,XT4 AWD,2.0,4,Auto(S9),23,28,25,Turbocharged,Semi-Automatic,9,All Wheel Drive,Small SUV 4WD,2023-04-20,395,318,360
2024,General Motors,Cadillac,XT5 AWD,2.0,4,Auto(S9),21,27,23,Turbocharged,Semi-Automatic,9,All Wheel Drive,Small SUV 4WD,2023-06-02,422,329,386
2024,General Motors,Cadillac,XT5 AWD,3.6,6,Auto(S9),18,26,21,Naturally Aspirated,Semi-Automatic,9,All Wheel Drive,Small SUV 4WD,2023-06-03,486,348,424
2024,General Motors,Cadillac,XT6 AWD,2.0,4,Auto(S9),21,26,23,Turbocharged,Semi-Automatic,9,All Wheel Drive,Small SUV 4WD,2023-06-02,422,341,386
2024,General Motors,Cadillac,XT6 AWD,3.6,6,Auto(S9),18,25,21,Naturally Aspirated,Semi-Automatic,9,All Wheel Drive,Small SUV 4WD,2023-06-03,495,358,433
2024,General Motors,Chevrolet,BLAZER AWD,2.0,4,Auto(A9),22,27,24,Turbocharged,Automatic,9,All Wheel Drive,Small SUV 4WD,2023-06-23,402,328,368
2024,General Motors,Chevrolet,BLAZER AWD,3.6,6,Auto(A9),18,26,21,Naturally Aspirated,Automatic,9,All Wheel Drive,Small SUV 4WD,2023-06-23,485,345,422
2024,General Motors,Chevrolet,EQUINOX AWD,1.5,4,Auto(A6),24,30,26,Turbocharged,Automatic,6,All Wheel Drive,Small SUV 4WD,2023-05-08,362,292,339
2024,General Motors,Chevrolet,TRAILBLAZER AWD,1.3,3,Auto(A9),26,29,27,Turbocharged,Automatic,9,All Wheel Drive,Small SUV 4WD,2023-06-14,342,305,329
2024,FCA US LLC,Dodge,Hornet AWD,2.0,4,Auto(A9),21,29,24,Turbocharged,Automatic,9,All Wheel Drive,Small SUV 4WD,2023-05-26,423,309,371
2024,Ford Motor Company,Ford,EDGE AWD,2.0,4,Auto(A8),21,28,23,Turbocharged,Automatic,8,All Wheel Drive,Small SUV 4WD,2023-07-20,433,314,380
2024,Ford Motor Company,Ford,EDGE AWD,2.0,4,Auto(S8),21,28,23,Turbocharged,Semi-Automatic,8,All Wheel Drive,Small SUV 4WD,2023-06-30,433,315,380
2024,Ford Motor Company,Ford,EDGE AWD,2.7,6,Auto(S8),19,25,21,Turbocharged,Semi-Automatic,8,All Wheel Drive,Small SUV 4WD,2023-06-30,475,349,418
2024,Hyundai,GENESIS,GV70 AWD,2.5,4,Auto(S8),22,28,24,Turbocharged,Semi-Automatic,8,All Wheel Drive,Small SUV 4WD,2023-05-25,409,320,369
2024,Hyundai,GENESIS,GV70 AWD,2.5,4,Auto(S8),19,26,22,Turbocharged,Semi-Automatic,8,All Wheel Drive,Small SUV 4WD,2023-05-25,457,347,408
2024,Hyundai,GENESIS,GV70 AWD,3.5,6,Auto(S8),18,24,20,Turbocharged,Semi-Automatic,8,All Wheel Drive,Small SUV 4WD,2023-05-25,492,379,441
2024,General Motors,GMC,TERRAIN AWD,1.5,4,Auto(A9),23,28,25,Turbocharged,Automatic,9,All Wheel Drive,Small SUV 4WD,2023-05-08,381,318,356
2024,Honda,Honda,CR-V AWD,1.5,4,Auto(AV),27,32,29,Turbocharged,Continuously Variable,1,All Wheel Drive,Small SUV 4WD,2023-06-14,328,277,305
2024,Honda,Honda,CR-V AWD,2.0,4,Auto(AV),40,34,37,Naturally Aspirated,Continuously Variable,1,All Wheel Drive,Small SUV 4WD,2023-06-14,218,259,237
2024,Hyundai,HYUNDAI MOTOR COMPANY,Kona AWD,1.6,4,Auto(S8),24,29,26,Turbocharged,Semi-Automatic,8,All Wheel Drive,Small SUV 4WD,2023-06-15,364,306,337
2024,Hyundai,HYUNDAI MOTOR COMPANY,Kona AWD,2.0,4,Auto(AV-S1),26,29,27,Naturally Aspirated,Selectable Continuously Variable (e.g. CVT with paddles),1,All Wheel Drive,Small SUV 4WD,2023-07-17,341,300,323
2024,Hyundai,HYUNDAI MOTOR COMPANY,Kona AWD,2.0,4,Auto(AV-S1),27,29,28,Naturally Aspirated,Selectable Continuously Variable (e.g. CVT with paddles),1,All Wheel Drive,Small SUV 4WD,2023-07-17,332,302,319
2024,Hyundai,HYUNDAI MOTOR COMPANY,Palisade AWD,3.8,6,Auto(S8),19,24,21,Naturally Aspirated,Semi-Automatic,8,All Wheel Drive,Small SUV 4WD,2023-05-25,462,367,420
2024,Hyundai,HYUNDAI MOTOR COMPANY,Santa Cruz AWD,2.5,4,Auto(AM-S8),19,27,22,Turbocharged,Automated Manual- Selectable (e.g. Automated Manual with paddles),8,All Wheel Drive,Small SUV 4WD,2023-06-01,462,330,403
2024,Hyundai,HYUNDAI MOTOR COMPANY,Santa Cruz AWD,2.5,4,Auto(S8),21,25,23,Naturally Aspirated,Semi-Automatic,8,All Wheel Drive,Small SUV 4WD,2023-06-01,420,354,390
2024,Hyundai,HYUNDAI MOTOR COMPANY,Tucson AWD,2.5,4,Auto(S8),23,29,25,Naturally Aspirated,Semi-Automatic,8,All Wheel Drive,Small SUV 4WD,2023-06-01,381,310,349
2024,Hyundai,HYUNDAI MOTOR COMPANY,Tucson Hybrid,1.6,4,Auto(AM-S6),37,36,37,Turbocharged,Automated Manual- Selectable (e.g. Automated Manual with paddles),6,All Wheel Drive,Small SUV 4WD,2023-06-01,240,251,245
2024,Hyundai,HYUNDAI MOTOR COMPANY,Tucson Hybrid Blue,1.6,4,Auto(AM-S6),38,38,38,Turbocharged,Automated Manual- Selectable (e.g. Automated Manual with paddles),6,All Wheel Drive,Small SUV 4WD,2023-06-01,238,237,238
2024,Jaguar Land Rover L,Jaguar,E-PACE,2.0,4,Auto(S9),20,26,23,Turbocharged,Semi-Automatic,9,All Wheel Drive,Small SUV 4WD,2023-01-09,438,349,398
2024,Jaguar Land Rover L,Jaguar,F-PACE,2.0,4,Auto(S8),22,27,24,Turbocharged,Semi-Automatic,8,All Wheel Drive,Small SUV 4WD,2023-05-23,409,335,376
2024,Jaguar Land Rover L,Jaguar,F-PACE P400 MHEV,3.0,6,Auto(S8),19,25,21,Turbocharged+Supercharged,Semi-Automatic,8,4-Wheel Drive,Small SUV 4WD,2023-05-23,473,354,420
2024,Jaguar Land Rover L,Jaguar,F-PACE SVR,5.0,8,Auto(S8),15,21,17,Supercharged,Semi-Automatic,8,All Wheel Drive,Small SUV 4WD,2023-03-27,591,430,518
2024,FCA US LLC,Jeep,Wrangler 2dr 4X4,2.0,4,Auto(A8),20,21,21,Turbocharged,Automatic,8,4-Wheel Drive,Small SUV 4WD,2023-05-15,434,430,433
2024,FCA US LLC,Jeep,Wrangler 2dr 4X4,3.6,6,Manual(M6),17,23,19,Naturally Aspirated,Manual,6,4-Wheel Drive,Small SUV 4WD,2023-06-26,525,386,462
2024,FCA US LLC,Jeep,Wrangler 4dr 4X4,2.0,4,Auto(A8),20,20,20,Turbocharged,Automatic,8,4-Wheel Drive,Small SUV 4WD,2023-05-15,446,424,436
2024,FCA US LLC,Jeep,Wrangler 4dr 4X4,3.6,6,Manual(M6),16,22,19,Naturally Aspirated,Manual,6,4-Wheel Drive,Small SUV 4WD,2023-06-26,542,396,476
2024,FCA US LLC,Jeep,Wrangler 4dr 4X4,6.4,8,Auto(A8),13,16,14,Naturally Aspirated,Automatic,8,4-Wheel Drive,Small SUV 4WD,2023-06-12,705,545,633
2024,FCA US LLC,Jeep,Wrangler Rubicon 2dr 4X4,3.6,6,Auto(A8),16,20,18,Naturally Aspirated,Automatic,8,4-Wheel Drive,Small SUV 4WD,2023-06-26,547,445,501
2024,FCA US LLC,Jeep,Wrangler Rubicon 4dr 4X4,3.6,6,Auto(A8),16,19,17,Naturally Aspirated,Automatic,8,4-Wheel Drive,Small SUV 4WD,2023-06-26,565,459,518
2024,Kia,KIA,Seltos AWD,1.6,4,Auto(S8),25,27,26,Turbocharged,Semi-Automatic,8,All Wheel Drive,Small SUV 4WD,2023-02-24,355,328,343
2024,Kia,KIA,Seltos AWD,2.0,4,Auto(AV-S8),27,31,29,Naturally Aspirated,Selectable Continuously Variable (e.g. CVT with paddles),8,All Wheel Drive,Small SUV 4WD,2023-02-24,331,282,309
2024,Kia,KIA,Sportage AWD,2.5,4,Auto(S8),23,26,25,Naturally Aspirated,Semi-Automatic,8,All Wheel Drive,Small SUV 4WD,2023-07-15,382,339,363
2024,Kia,KIA,Sportage X-pro,2.5,4,Auto(S8),23,30,26,Naturally Aspirated,Semi-Automatic,8,All Wheel Drive,Small SUV 4WD,2023-07-15,384,294,344
2024,Kia,KIA,Telluride AWD,3.8,6,Auto(S8),18,24,20,Naturally Aspirated,Semi-Automatic,8,All Wheel Drive,Small SUV 4WD,2023-06-01,494,378,442
2024,Jaguar Land Rover L,Land Rover,Discovery Sport,2.0,4,Auto(S9),19,23,20,Turbocharged,Semi-Automatic,9,All Wheel Drive,Small SUV 4WD,2023-01-09,482,381,437
2024,Jaguar Land Rover L,Land Rover,Range Rover Evoque,2.0,4,Auto(S9),20,27,22,Turbocharged,Semi-Automatic,9,All Wheel Drive,Small SUV 4WD,2023-01-09,451,334,398
2024,Jaguar Land Rover L,Land Rover,Range Rover Velar,2.0,4,Auto(S8),22,26,23,Turbocharged,Semi-Automatic,8,All Wheel Drive,Small SUV 4WD,2023-05-22,415,339,381
2024,Jaguar Land Rover L,Land Rover,Range Rover Velar P340 MHEV,3.0,6,Auto(S8),19,26,22,Turbocharged+Supercharged,Semi-Automatic,8,4-Wheel Drive,Small SUV 4WD,2023-06-30,460,343,407
2024,Jaguar Land Rover L,Land Rover,Range Rover Velar P400 MHEV,3.0,6,Auto(S8),19,25,21,Turbocharged+Supercharged,Semi-Automatic,8,4-Wheel Drive,Small SUV 4WD,2023-05-15,473,354,420
2024,Toyota,LEXUS,NX 250 AWD,2.5,4,Auto(S8),25,32,28,Naturally Aspirated,Semi-Automatic,8,All Wheel Drive,Small SUV 4WD,2023-03-17,352,276,318
2024,Toyota,LEXUS,NX 350 AWD,2.4,4,Auto(S8),21,28,24,Turbocharged,Semi-Automatic,8,All Wheel Drive,Small SUV 4WD,2023-03-17,414,317,370
2024,Toyota,LEXUS,NX 350 AWD F SPORT,2.4,4,Auto(S8),21,28,24,Turbocharged,Semi-Automatic,8,All Wheel Drive,Small SUV 4WD,2023-03-17,420,309,370
2024,Toyota,LEXUS,NX 350h AWD,2.5,4,Auto(AV-S6),41,37,39,Naturally Aspirated,Selectable Continuously Variable (e.g. CVT with paddles),6,All Wheel Drive,Small SUV 4WD,2023-03-17,212,235,225
2024,Maserati,MASERATI,Grecale GT,2.0,4,Auto(A8),22,29,25,Turbocharged,Automatic,8,All Wheel Drive,Small SUV 4WD,2023-06-09,395,298,351
2024,Maserati,MASERATI,Grecale Modena,2.0,4,Auto(A8),22,29,25,Turbocharged,Automatic,8,All Wheel Drive,Small SUV 4WD,2023-06-09,395,298,351
2024,Maserati,MASERATI,Grecale Trofeo,3.0,6,Auto(A8),18,25,20,Turbocharged,Automatic,8,All Wheel Drive,Small SUV 4WD,2023-06-09,495,354,432
2024,MAZDA,MAZDA,MAZDA CX-50 4WD,2.5,4,Auto(S6),23,29,25,Turbocharged,Semi-Automatic,6,4-Wheel Drive,Small SUV 4WD,2023-07-20,393,310,356
2024,MAZDA,MAZDA,MAZDA CX-50 4WD,2.5,4,Auto(S6),24,30,27,Naturally Aspirated,Semi-Automatic,6,4-Wheel Drive,Small SUV 4WD,2023-07-20,368,295,335
2024,Mercedes-Benz,Mercedes-Benz,GLE 350,2.0,4,Auto(A9),21,28,24,Turbocharged,Automatic,9,"2-Wheel Drive, Rear",Small SUV 4WD,2023-04-24,415,314,369
2024,Mercedes-Benz,Mercedes-Benz,GLE 350 4MATIC,2.0,4,Auto(A9),20,27,23,Turbocharged,Automatic,9,All Wheel Drive,Small SUV 4WD,2023-04-24,433,324,384
2024,Nissan,MITSUBISHI MOTORS,Outlander 4WD,2.5,4,Auto(AV-S8),24,30,26,Naturally Aspirated,Selectable Continuously Variable (e.g. CVT with paddles),8,4-Wheel Drive,Small SUV 4WD,2023-07-01,364,297,342
2024,Mitsubishi Motors Co,Mitsubishi Motors Corporation,ECLIPSE CROSS 4WD,1.5,4,Auto(AV-S8),25,26,25,Turbocharged,Selectable Continuously Variable (e.g. CVT with paddles),8,4-Wheel Drive,Small SUV 4WD,2023-06-01,354,338,353
2024,Mitsubishi Motors Co,Mitsubishi Motors Corporation,ECLIPSE CROSS ES 4WD,1.5,4,Auto(AV-S8),25,28,26,Turbocharged,Selectable Continuously Variable (e.g. CVT with paddles),8,4-Wheel Drive,Small SUV 4WD,2023-06-01,354,312,339
2024,Porsche,Porsche,Macan,2.0,4,Auto(AM-S7),19,25,21,Turbocharged,Automated Manual- Selectable (e.g. Automated Manual with paddles),7,All Wheel Drive,Small SUV 4WD,2023-07-15,468,352,424
2024,Subaru,Subaru,CROSSTREK AWD,2.0,4,Auto(AV-S8),27,34,29,Naturally Aspirated,Selectable Continuously Variable (e.g. CVT with paddles),8,All Wheel Drive,Small SUV 4WD,2023-03-20,331,263,300
2024,Subaru,Subaru,CROSSTREK AWD,2.5,4,Auto(AV-S8),26,33,29,Naturally Aspirated,Selectable Continuously Variable (e.g. CVT with paddles),8,All Wheel Drive,Small SUV 4WD,2023-05-15,335,269,305
2024,Subaru,Subaru,OUTBACK AWD,2.4,4,Auto(AV-S8),22,29,25,Turbocharged,Selectable Continuously Variable (e.g. CVT with paddles),8,All Wheel Drive,Small SUV 4WD,2023-03-18,398,304,356
2024,Subaru,Subaru,OUTBACK AWD,2.5,4,Auto(AV-S8),26,32,28,Naturally Aspirated,Selectable Continuously Variable (e.g. CVT with paddles),8,All Wheel Drive,Small SUV 4WD,2023-03-18,346,276,314
2024,Subaru,Subaru,OUTBACK WILDERNESS AWD,2.4,4,Auto(AV-S8),21,26,23,Turbocharged,Selectable Continuously Variable (e.g. CVT with paddles),8,All Wheel Drive,Small SUV 4WD,2023-03-18,412,336,378
2024,Volkswagen Group of,Volkswagen,Atlas 4Motion Peak Edition,2.0,4,Auto(S8),18,24,20,Turbocharged,Semi-Automatic,8,All Wheel Drive,Small SUV 4WD,2023-05-05,491,366,435
2024,Volkswagen Group of,Volkswagen,Atlas Cross Sport 4Motion,2.0,4,Auto(S8),19,26,22,Turbocharged,Semi-Automatic,8,All Wheel Drive,Small SUV 4WD,2023-05-05,458,345,407
2024,Volkswagen Group of,Volkswagen,Atlas SE 4Motion,2.0,4,Auto(S8),19,26,22,Turbocharged,Semi-Automatic,8,All Wheel Drive,Small SUV 4WD,2023-05-05,458,345,407
2024,Volkswagen Group of,Volkswagen,Atlas SEL 4Motion,2.0,4,Auto(S8),19,25,21,Turbocharged,Semi-Automatic,8,All Wheel Drive,Small SUV 4WD,2023-05-05,476,356,422
2024,Volvo,"Volvo Cars of North America, LLC",XC40 B5 AWD,2.0,4,Auto(S8),24,30,26,Turbocharged,Semi-Automatic,8,All Wheel Drive,Small SUV 4WD,2023-05-15,373,295,338
2024,Volvo,"Volvo Cars of North America, LLC",XC60 B5 AWD,2.0,4,Auto(S8),22,28,25,Turbocharged,Semi-Automatic,8,All Wheel Drive,Small SUV 4WD,2023-05-19,402,316,363
2024,BMW,BMW,X5 sDrive40i,3.0,6,Auto(S8),23,27,25,Turbocharged,Semi-Automatic,8,"2-Wheel Drive, Rear",Standard SUV 2WD,2023-03-29,383,331,360
2024,General Motors,Buick,ENCLAVE FWD,3.6,6,Auto(A9),18,26,21,Naturally Aspirated,Automatic,9,"2-Wheel Drive, Front",Standard SUV 2WD,2023-06-02,506,343,433
2024,Nissan,INFINITI,QX80 2WD,5.6,8,Auto(S7),14,20,16,Naturally Aspirated,Semi-Automatic,7,"2-Wheel Drive, Rear",Standard SUV 2WD,2023-07-06,635,451,552
2024,Toyota,TOYOTA,GRAND HIGHLANDER HYBRID,2.5,4,Auto(AV-S6),37,34,36,Naturally Aspirated,Selectable Continuously Variable (e.g. CVT with paddles),6,"2-Wheel Drive, Front",Standard SUV 2WD,2023-06-21,237,258,246
2024,Toyota,TOYOTA,GRAND HIGHLANDER HYBRID LIMITED,2.5,4,Auto(AV-S6),36,32,34,Naturally Aspirated,Selectable Continuously Variable (e.g. CVT with paddles),6,"2-Wheel Drive, Front",Standard SUV 2WD,2023-06-21,242,272,256
2024,Toyota,TOYOTA,GRAND HIGHLANDER LE/XLE,2.4,4,Auto(S8),21,28,24,Turbocharged,Semi-Automatic,8,"2-Wheel Drive, Front",Standard SUV 2WD,2023-06-21,419,313,371
2024,Toyota,TOYOTA,GRAND HIGHLANDER LIMITED,2.4,4,Auto(S8),21,28,24,Turbocharged,Semi-Automatic,8,"2-Wheel Drive, Front",Standard SUV 2WD,2023-06-21,410,312,366
2024,Honda,Acura,MDX AWD Type-S,3.0,6,Auto(S10),17,21,19,Turbocharged,Semi-Automatic,10,All Wheel Drive,Standard SUV 4WD,2023-05-02,523,414,474
2024,BMW,BMW,ALPINA XB7,4.4,8,Auto(S8),16,20,17,Turbocharged,Semi-Automatic,8,All Wheel Drive,Standard SUV 4WD,2023-03-24,564,434,506
2024,BMW,BMW,X5 M Competition,4.4,8,Auto(S8),13,18,15,Turbocharged,Semi-Automatic,8,All Wheel Drive,Standard SUV 4WD,2023-03-24,678,481,589
2024,BMW,BMW,X5 M60i xDrive,4.4,8,Auto(S8),17,22,19,Turbocharged,Semi-Automatic,8,All Wheel Drive,Standard SUV 4WD,2023-03-24,512,392,458
2024,BMW,BMW,X5 xDrive40i,3.0,6,Auto(S8),23,27,25,Turbocharged,Semi-Automatic,8,All Wheel Drive,Standard SUV 4WD,2023-03-24,375,323,352
2024,BMW,BMW,X6 M Competition,4.4,8,Auto(S8),13,18,15,Turbocharged,Semi-Automatic,8,All Wheel Drive,Standard SUV 4WD,2023-03-24,678,481,589
2024,BMW,BMW,X6 M60i xDrive,4.4,8,Auto(S8),17,22,19,Turbocharged,Semi-Automatic,8,All Wheel Drive,Standard SUV 4WD,2023-03-24,512,392,458
2024,BMW,BMW,X6 xDrive40i,3.0,6,Auto(S8),23,26,24,Turbocharged,Semi-Automatic,8,All Wheel Drive,Standard SUV 4WD,2023-03-24,382,331,359
2024,BMW,BMW,X7 M60i xDrive,4.4,8,Auto(S8),16,21,18,Turbocharged,Semi-Automatic,8,All Wheel Drive,Standard SUV 4WD,2023-03-24,535,415,481
2024,BMW,BMW,X7 xDrive40i,3.0,6,Auto(S8),21,25,22,Turbocharged,Semi-Automatic,8,All Wheel Drive,Standard SUV 4WD,2023-03-24,422,355,392
2024,General Motors,Buick,ENCLAVE AWD,3.6,6,Auto(A9),17,25,20,Naturally Aspirated,Automatic,9,All Wheel Drive,Standard SUV 4WD,2023-06-02,522,363,450
2024,Hyundai,GENESIS,GV80 AWD,2.5,4,Auto(S8),20,24,22,Turbocharged,Semi-Automatic,8,All Wheel Drive,Standard SUV 4WD,2023-03-01,443,365,408
2024,Hyundai,GENESIS,GV80 AWD,3.5,6,Auto(S8),18,23,20,Turbocharged,Semi-Automatic,8,All Wheel Drive,Standard SUV 4WD,2023-03-01,492,395,448
2024,Nissan,INFINITI,QX80 4WD,5.6,8,Auto(S7),13,19,15,Naturally Aspirated,Semi-Automatic,7,4-Wheel Drive,Standard SUV 4WD,2023-07-06,660,466,593
2024,FCA US LLC,Jeep,Grand Wagoneer 4x4,6.4,8,Auto(A8),13,18,15,Naturally Aspirated,Automatic,8,All Wheel Drive,Standard SUV 4WD,2023-07-17,699,483,602
2024,Volkswagen Group of,Lamborghini,Urus S,4.0,8,Auto(S8),14,19,16,Turbocharged,Semi-Automatic,8,All Wheel Drive,Standard SUV 4WD,2023-06-09,626,467,554
2024,Jaguar Land Rover L,Land Rover,Discovery,2.0,4,Auto(S8),19,24,21,Turbocharged,Semi-Automatic,8,4-Wheel Drive,Standard SUV 4WD,2023-07-10,462,372,421
2024,Maserati,MASERATI,Levante GT,3.0,6,Auto(A8),16,22,18,Turbocharged,Automatic,8,All Wheel Drive,Standard SUV 4WD,2023-06-01,567,408,495
2024,Maserati,MASERATI,Levante Modena,3.0,6,Auto(A8),16,22,18,Turbocharged,Automatic,8,All Wheel Drive,Standard SUV 4WD,2023-06-01,567,408,495
2024,Maserati,MASERATI,Levante Modena V8,3.8,8,Auto(A8),13,20,16,Turbocharged,Automatic,8,All Wheel Drive,Standard SUV 4WD,2023-06-01,654,449,562
2024,Maserati,MASERATI,Levante Trofeo,3.8,8,Auto(A8),13,20,16,Turbocharged,Automatic,8,All Wheel Drive,Standard SUV 4WD,2023-06-01,654,449,562
2024,MAZDA,MAZDA,MAZDA CX-90 4WD,3.3,6,Auto(S8),24,28,25,Turbocharged,Semi-Automatic,8,4-Wheel Drive,Standard SUV 4WD,2023-04-01,373,315,354
2024,MAZDA,MAZDA,MAZDA CX-90 4WD,3.3,6,Auto(S8),23,28,25,Turbocharged,Semi-Automatic,8,4-Wheel Drive,Standard SUV 4WD,2023-04-01,389,320,358
2024,Mercedes-Benz,Mercedes-Benz,AMG GLE 53 4MATIC+,3.0,6,Auto(A9),18,23,20,Turbocharged+Supercharged,Automatic,9,All Wheel Drive,Standard SUV 4WD,2023-05-02,484,384,439
2024,Mercedes-Benz,Mercedes-Benz,AMG GLE 53 4MATIC+ (coupe),3.0,6,Auto(A9),18,22,20,Turbocharged+Supercharged,Automatic,9,All Wheel Drive,Standard SUV 4WD,2023-05-02,497,401,454
2024,Mercedes-Benz,Mercedes-Benz,AMG GLE 63 S 4MATIC+,4.0,8,Auto(A9),15,19,16,Turbocharged,Automatic,9,All Wheel Drive,Standard SUV 4WD,2023-05-26,607,457,539
2024,Mercedes-Benz,Mercedes-Benz,AMG GLE 63 S 4MATIC+ (coupe),4.0,8,Auto(A9),15,19,16,Turbocharged,Automatic,9,All Wheel Drive,Standard SUV 4WD,2023-05-26,607,457,539
2024,Mercedes-Benz,Mercedes-Benz,AMG GLS 63 4MATIC+,4.0,8,Auto(A9),14,18,16,Turbocharged,Automatic,9,All Wheel Drive,Standard SUV 4WD,2023-07-25,629,484,564
2024,Mercedes-Benz,Mercedes-Benz,GLE 450 4MATIC,3.0,6,Auto(A9),19,26,22,Turbocharged,Automatic,9,All Wheel Drive,Standard SUV 4WD,2023-05-02,456,344,406
2024,Mercedes-Benz,Mercedes-Benz,GLE 580 4MATIC,4.0,8,Auto(A9),15,20,17,Turbocharged,Automatic,9,All Wheel Drive,Standard SUV 4WD,2023-07-25,606,446,534
2024,Mercedes-Benz,Mercedes-Benz,GLS 450 4MATIC,3.0,6,Auto(A9),19,24,21,Turbocharged,Automatic,9,All Wheel Drive,Standard SUV 4WD,2023-07-11,481,364,428
2024,Mercedes-Benz,Mercedes-Benz,GLS 580 4MATIC,4.0,8,Auto(A9),14,20,16,Turbocharged,Automatic,9,All Wheel Drive,Standard SUV 4WD,2023-07-25,637,452,554
2024,Porsche,Porsche,Cayenne,3.0,6,Auto(S8),17,23,19,Turbocharged,Semi-Automatic,8,All Wheel Drive,Standard SUV 4WD,2023-07-15,524,388,469
2024,Porsche,Porsche,Cayenne Coupe,3.0,6,Auto(S8),17,23,19,Turbocharged,Semi-Automatic,8,All Wheel Drive,Standard SUV 4WD,2023-07-15,524,386,469
2024,Porsche,Porsche,Cayenne S,4.0,8,Auto(S8),15,21,17,Turbocharged,Semi-Automatic,8,All Wheel Drive,Standard SUV 4WD,2023-07-25,576,422,521
2024,Porsche,Porsche,Cayenne S Coupe,4.0,8,Auto(S8),15,21,17,Turbocharged,Semi-Automatic,8,All Wheel Drive,Standard SUV 4WD,2023-07-25,590,417,521
2024,Toyota,TOYOTA,GRAND HIGHLANDER AWD LE/XLE,2.4,4,Auto(S8),21,27,23,Turbocharged,Semi-Automatic,8,All Wheel Drive,Standard SUV 4WD,2023-06-21,424,325,379
2024,Toyota,TOYOTA,GRAND HIGHLANDER AWD LIMITED/PLATINUM,2.4,4,Auto(S8),20,26,22,Turbocharged,Semi-Automatic,8,All Wheel Drive,Standard SUV 4WD,2023-06-21,433,338,400
2024,Toyota,TOYOTA,GRAND HIGHLANDER HYBRID AWD,2.4,4,Auto(S6),26,27,27,Turbocharged,Semi-Automatic,6,All Wheel Drive,Standard SUV 4WD,2023-06-21,338,325,332
2024,Toyota,TOYOTA,GRAND HIGHLANDER HYBRID AWD,2.5,4,Auto(AV-S6),36,32,34,Naturally Aspirated,Selectable Continuously Variable (e.g. CVT with paddles),6,All Wheel Drive,Standard SUV 4WD,2023-06-21,245,276,259
2024,Volvo,"Volvo Cars of North America, LLC",XC90 B5 AWD,2.0,4,Auto(S8),22,27,24,Turbocharged,Semi-Automatic,8,All Wheel Drive,Standard SUV 4WD,2023-05-15,407,323,369
2024,Volvo,"Volvo Cars of North America, LLC",XC90 B6 AWD,2.0,4,Auto(S8),20,26,23,Turbocharged+Supercharged,Semi-Automatic,8,All Wheel Drive,Standard SUV 4WD,2023-05-25,435,342,393
